Time,Global Temperature Anomaly,Earthquakes with Magnitude 2+,Earthquakes with Magnitude 2.0 - 2.9,Minor Earthquake 3.0 - 3.9M,Light Earthquake 4.0 - 4.9M,Moderate Earthquake 5.0 - 5.9M,Strong Earthquake 6.0 - 6.9M,Major Magnitude 7M+,Maximum Magnitude,Maximum Depth
1973-01,0.28,24,0,4,14,6,0,0,5.4,521
1973-02,0.41,15,0,3,10,2,0,0,5.4,103
1973-03,0.37,20,0,4,11,4,1,0,6.1,103
1973-04,0.29,26,0,8,15,3,0,0,5.2,300
1973-05,0.23,27,0,6,14,6,1,0,6,171
1973-06,0.23,39,0,1,21,16,1,0,6,207
1973-07,0.16,17,0,0,13,4,0,0,5.4,140
1973-08,0.12,34,0,2,22,10,0,0,5.9,148
1973-09,0.1,16,0,0,12,4,0,0,5.4,167
1973-10,0.07,12,0,2,10,0,0,0,4.9,147
1973-11,0.03,29,0,4,17,6,2,0,6.4,491
1973-12,0.03,24,0,0,20,3,1,0,6,208
1974-01,-0.19,20,0,3,10,7,0,0,5.7,207
1974-02,-0.24,16,0,2,9,4,1,0,6.5,139
1974-03,-0.03,21,0,4,14,3,0,0,5.7,201
1974-04,-0.05,28,0,1,22,4,1,0,6,85
1974-05,-0.02,27,0,1,23,3,0,0,5.1,523
1974-06,-0.03,24,0,4,16,4,0,0,5.7,190
1974-07,0.02,19,0,1,16,2,0,0,5.4,460
1974-08,0.04,53,0,7,33,10,3,0,6.3,136
1974-09,-0.01,12,0,0,10,2,0,0,5.8,470
1974-10,-0.07,19,0,0,15,4,0,0,5.7,421
1974-11,-0.06,27,0,7,12,8,0,0,5.8,194
1974-12,-0.1,20,0,1,14,5,0,0,5.8,524
1975-01,0.11,21,1,1,14,5,0,0,5.7,154
1975-02,0.06,37,0,3,26,6,1,1,7.6,427
1975-03,0.12,19,0,1,13,5,0,0,5.4,537
1975-04,0.08,36,0,0,26,8,2,0,6.2,155
1975-05,0.08,27,0,5,20,2,0,0,5.4,167
1975-06,0.06,17,0,1,12,4,0,0,5.3,141
1975-07,0.03,12,0,1,9,2,0,0,5.8,478
1975-08,-0.04,18,0,0,11,5,2,0,6.6,167
1975-09,0.04,8,0,0,4,4,0,0,5.6,94
1975-10,-0.12,8,0,1,4,3,0,0,5.3,132
1975-11,-0.16,18,0,0,11,6,1,0,6.3,133
1975-12,-0.1,20,0,0,17,2,1,0,6,554
1976-01,-0.02,57,0,5,32,19,1,0,6,148
1976-02,-0.12,25,1,0,17,6,1,0,6,212
1976-03,-0.22,14,0,0,12,2,0,0,5.2,222
1976-04,0,19,0,0,16,3,0,0,5.5,128
1976-05,-0.12,14,0,1,11,2,0,0,5.5,179
1976-06,-0.08,15,0,0,9,6,0,0,5.4,138
1976-07,-0.08,11,0,0,10,1,0,0,5.2,61
1976-08,-0.05,14,0,0,6,8,0,0,5.5,145
1976-09,-0.02,13,0,0,11,2,0,0,5.3,116
1976-10,-0.19,14,0,0,10,4,0,0,5.5,194
1976-11,-0.03,4,0,0,3,1,0,0,5.6,127
1976-12,0.11,7,0,0,4,3,0,0,5.3,118
1977-01,0.13,10,0,0,7,3,0,0,5.3,132
1977-02,0.26,12,0,0,6,5,1,0,6.7,167
1977-03,0.31,18,0,1,13,3,1,0,6,149
1977-04,0.29,14,0,1,11,2,0,0,5.1,390
1977-05,0.26,10,0,2,5,2,1,0,6,465
1977-06,0.27,16,0,0,14,2,0,0,5.1,176
1977-07,0.19,19,0,1,13,5,0,0,5.3,141
1977-08,0.15,20,0,2,13,5,0,0,5.4,411
1977-09,0.19,27,0,3,19,4,1,0,6.4,231
1977-10,0.12,12,0,1,7,4,0,0,5.3,198
1977-11,0.25,25,0,2,13,9,1,0,6.7,232
1977-12,0.12,23,0,1,15,7,0,0,5.8,175
1978-01,0.16,19,0,1,11,7,0,0,5.3,285
1978-02,0.15,13,0,1,7,5,0,0,5.4,131
1978-03,0.23,35,0,1,23,10,1,0,6.2,155
1978-04,0.13,26,0,2,18,5,1,0,6.6,171
1978-05,0.08,30,0,2,24,3,1,0,6.7,152
1978-06,0.06,21,0,1,17,3,0,0,5.9,147
1978-07,0.07,12,0,1,10,1,0,0,5.8,231
1978-08,0.01,17,0,4,11,2,0,0,5.4,184
1978-09,0.09,15,0,1,11,3,0,0,5.5,167
1978-10,0.07,8,0,1,5,2,0,0,5,61
1978-11,0.2,12,0,2,6,4,0,0,5.3,182
1978-12,0.14,20,0,1,17,2,0,0,5.6,224
1979-01,0.15,23,0,2,13,7,1,0,6,156
1979-02,0.05,24,0,1,18,4,1,0,6.7,277
1979-03,0.23,20,1,5,12,2,0,0,5,136
1979-04,0.11,21,0,2,16,3,0,0,5.1,517
1979-05,0.17,29,0,3,22,2,2,0,6.4,206
1979-06,0.21,13,0,2,10,1,0,0,5.3,132
1979-07,0.2,22,0,3,15,4,0,0,5.5,230
1979-08,0.24,22,0,2,15,5,0,0,5.6,134
1979-09,0.26,21,0,0,15,6,0,0,5.9,474
1979-10,0.29,13,0,1,10,1,1,0,6,100
1979-11,0.29,9,0,1,7,1,0,0,5.7,152
1979-12,0.52,11,0,2,6,3,0,0,5.4,555
1980-01,0.33,55,0,0,37,18,0,0,5.8,546
1980-02,0.39,15,0,1,9,5,0,0,5.5,139
1980-03,0.28,37,0,3,27,5,2,0,6.9,132
1980-04,0.33,13,0,3,7,3,0,0,5.4,124
1980-05,0.37,5,0,1,3,1,0,0,5.8,80
1980-06,0.26,16,0,5,10,1,0,0,5.2,543
1980-07,0.23,17,0,5,10,2,0,0,5.2,402
1980-08,0.21,18,0,2,12,4,0,0,5.5,128
1980-09,0.2,14,0,2,8,4,0,0,5.4,153
1980-10,0.18,18,0,0,17,1,0,0,5,178
1980-11,0.31,20,1,0,14,5,0,0,5.9,137
1980-12,0.27,10,0,1,4,5,0,0,5.6,65
1981-01,0.51,25,0,0,20,4,0,1,7,84
1981-02,0.4,44,0,2,32,10,0,0,5.9,150.6
1981-03,0.44,21,0,1,15,5,0,0,5.5,154.8
1981-04,0.35,18,0,0,17,1,0,0,5,136.8
1981-05,0.27,19,0,3,14,2,0,0,5.2,202.3
1981-06,0.31,18,0,1,13,4,0,0,5.5,492.2
1981-07,0.24,31,0,7,17,7,0,0,5.2,152
1981-08,0.24,19,0,6,9,4,0,0,5.2,114
1981-09,0.18,18,0,3,15,0,0,0,4.9,106.6
1981-10,0.18,27,1,13,11,2,0,0,5.3,112
1981-11,0.27,23,0,3,17,3,0,0,5.6,245.7
1981-12,0.48,13,1,2,8,2,0,0,5.4,137.4
1982-01,0.14,22,0,3,15,3,1,0,6.1,123.8
1982-02,0.19,17,0,4,10,3,0,0,5.4,134.5
1982-03,0.1,10,0,3,4,3,0,0,5.6,158.7
1982-04,0.22,11,0,2,6,3,0,0,5.3,159
1982-05,0.21,21,0,4,15,1,1,0,6.4,128.6
1982-06,0.14,26,0,1,19,6,0,0,5.8,461.5
1982-07,0.16,30,0,2,20,6,2,0,6.4,227.8
1982-08,0.14,21,0,1,11,9,0,0,5.4,142
1982-09,0.24,28,0,1,21,6,0,0,5.9,124.8
1982-10,0.18,12,0,3,7,2,0,0,5.5,88.6
1982-11,0.15,19,1,2,12,3,1,0,6.3,92
1982-12,0.43,16,0,3,11,2,0,0,5.5,557.8
1983-01,0.53,46,0,3,32,10,1,0,6.1,524.5
1983-02,0.49,19,0,1,11,6,1,0,6.5,239.3
1983-03,0.42,28,0,3,21,4,0,0,5.6,148.6
1983-04,0.29,17,0,1,10,6,0,0,5.9,208.7
1983-05,0.31,26,0,1,21,4,0,0,5.2,204.2
1983-06,0.3,22,0,2,17,2,1,0,6.1,144.2
1983-07,0.3,15,1,0,11,2,1,0,6.2,226.2
1983-08,0.36,20,0,2,12,5,0,1,7.1,137.9
1983-09,0.34,21,0,2,13,6,0,0,5.4,196.7
1983-10,0.24,7,0,2,4,1,0,0,5,80.5
1983-11,0.45,25,0,2,11,12,0,0,5.3,104
1983-12,0.28,15,0,1,7,7,0,0,5.6,144.7
1984-01,0.3,28,0,6,16,6,0,0,5.4,141.7
1984-02,0.18,13,0,1,10,2,0,0,5.2,140.4
1984-03,0.3,22,0,0,16,6,0,0,5.6,250
1984-04,0.14,15,0,2,9,4,0,0,5.4,118.7
1984-05,0.31,22,0,1,17,4,0,0,5.6,161
1984-06,0.14,21,0,4,8,9,0,0,5.7,498.9
1984-07,0.15,20,0,1,12,7,0,0,5.6,142.9
1984-08,0.19,13,0,0,11,2,0,0,5.4,126.9
1984-09,0.18,12,0,1,7,4,0,0,5.9,65.1
1984-10,0.14,23,0,1,16,6,0,0,5.5,188.8
1984-11,0.06,33,0,0,28,4,1,0,6.3,205.7
1984-12,-0.08,32,1,3,22,5,1,0,6.7,419.1
1985-01,0.22,22,0,4,12,5,1,0,6,468.8
1985-02,0.06,13,0,1,9,3,0,0,5.4,322.4
1985-03,0.2,17,0,1,12,4,0,0,5.9,233.2
1985-04,0.15,31,0,0,26,5,0,0,5.8,134.8
1985-05,0.22,28,0,1,18,6,3,0,6.3,147.6
1985-06,0.15,22,0,2,17,3,0,0,5.6,495.3
1985-07,0.1,20,0,0,14,5,1,0,6.1,121.2
1985-08,0.16,33,0,3,23,6,1,0,6.3,578.2
1985-09,0.14,14,0,1,12,1,0,0,5.2,538.5
1985-10,0.15,33,0,0,25,5,3,0,6.6,140.6
1985-11,0.14,15,0,1,9,4,1,0,6.1,136.8
1985-12,0.22,20,0,2,15,3,0,0,5.3,156.1
1986-01,0.31,13,0,2,8,3,0,0,5.6,281.1
1986-02,0.3,26,0,2,21,3,0,0,5.1,125.1
1986-03,0.3,42,1,7,28,6,0,0,5.7,250
1986-04,0.26,27,0,3,20,3,1,0,6,163.8
1986-05,0.26,239,0,7,158,68,5,1,8,236.7
1986-06,0.24,69,1,2,51,13,2,0,6.8,189.8
1986-07,0.17,60,0,7,36,15,2,0,6,93
1986-08,0.2,39,0,2,29,8,0,0,5.4,512.4
1986-09,0.18,38,0,7,24,6,1,0,6.5,145.2
1986-10,0.22,31,0,4,15,12,0,0,5.7,213.6
1986-11,0.16,14,0,1,8,5,0,0,5.9,394.1
1986-12,0.22,14,0,0,10,4,0,0,5.4,125.3
1987-01,0.32,35,0,6,22,6,1,0,6.8,235.1
1987-02,0.5,44,0,2,34,6,2,0,6.9,158.5
1987-03,0.27,59,0,1,46,10,2,0,6.4,174.5
1987-04,0.3,30,0,1,24,5,0,0,5.7,309.7
1987-05,0.36,27,0,1,20,5,1,0,6.8,33
1987-06,0.33,26,0,1,20,4,1,0,6.5,98.2
1987-07,0.43,39,0,4,23,11,1,0,6.4,260
1987-08,0.4,27,0,2,19,5,1,0,6,526.9
1987-09,0.45,23,0,3,16,4,0,0,5.5,132.7
1987-10,0.35,27,0,3,12,10,2,0,6.5,130.2
1987-11,0.35,21,0,3,15,3,0,0,5,121.4
1987-12,0.54,24,0,2,18,4,0,0,5.1,231.2
1988-01,0.56,52,15,9,16,12,0,0,5.5,159.4
1988-02,0.44,89,27,10,31,18,3,0,6.9,146.8
1988-03,0.53,48,6,12,22,8,0,0,5.8,325.3
1988-04,0.46,51,12,22,14,3,0,0,5.3,168.6
1988-05,0.41,48,20,7,17,3,1,0,6,205.1
1988-06,0.41,32,11,8,11,2,0,0,5.1,165
1988-07,0.37,51,13,6,24,7,1,0,6,181.1
1988-08,0.35,41,15,5,17,3,1,0,6.1,644.8
1988-09,0.35,46,16,12,14,4,0,0,5.3,478
1988-10,0.31,40,17,5,13,5,0,0,5.7,131.1
1988-11,0.21,40,10,6,16,7,1,0,6,483.1
1988-12,0.34,52,12,11,23,6,0,0,5.5,207.7
1989-01,0.17,58,21,7,24,4,2,0,6.3,140.7
1989-02,0.31,71,34,16,19,1,1,0,6,154.1
1989-03,0.35,78,39,14,20,5,0,0,5.4,356.8
1989-04,0.29,142,53,58,26,5,0,0,5.4,189
1989-05,0.29,140,66,28,35,9,2,0,6.3,166.3
1989-06,0.26,88,56,8,17,7,0,0,5.6,190.8
1989-07,0.32,81,49,15,13,3,1,0,6.1,218.2
1989-08,0.32,103,64,15,19,5,0,0,5.6,238
1989-09,0.31,75,36,11,24,3,0,1,7,534.9
1989-10,0.29,70,32,10,22,5,1,0,6.8,164.3
1989-11,0.23,55,33,9,10,3,0,0,5.4,153.1
1989-12,0.41,61,36,9,14,2,0,0,5.6,247.8
1990-01,0.36,73,43,8,15,6,1,0,6,554.7
1990-02,0.41,50,31,7,10,2,0,0,5.4,161.3
1990-03,0.76,118,67,20,23,7,1,0,6.4,163
1990-04,0.53,59,34,8,16,1,0,0,5.2,173.6
1990-05,0.47,64,26,11,19,6,2,0,6.6,252
1990-06,0.42,58,22,7,23,6,0,0,5.4,204.3
1990-07,0.39,56,29,16,8,3,0,0,5.3,162.6
1990-08,0.39,62,28,18,12,4,0,0,5.5,500
1990-09,0.33,58,32,7,9,10,0,0,5.7,163.1
1990-10,0.43,60,36,13,10,1,0,0,5.1,143.6
1990-11,0.48,63,27,14,18,2,1,1,7.1,149.8
1990-12,0.42,77,34,15,17,10,1,0,6,516.8
1991-01,0.43,84,50,14,17,2,1,0,6.4,491.4
1991-02,0.46,93,38,23,27,4,1,0,6.7,495
1991-03,0.37,138,58,14,48,17,1,0,6.6,164.7
1991-04,0.52,105,57,19,18,11,0,0,5.6,156.8
1991-05,0.41,111,69,17,19,5,0,1,7,169
1991-06,0.49,95,49,21,19,6,0,0,5.3,419.6
1991-07,0.42,81,52,18,7,4,0,0,5.9,411.2
1991-08,0.37,93,55,14,19,4,1,0,6,274.8
1991-09,0.35,69,39,15,12,3,0,0,5.5,147.8
1991-10,0.29,78,40,9,19,10,0,0,5.6,405.9
1991-11,0.3,64,33,14,16,0,1,0,6,150.2
1991-12,0.28,63,39,15,6,3,0,0,5.4,400
1992-01,0.46,77,41,16,17,3,0,0,5.4,470.6
1992-02,0.43,79,45,13,13,7,1,0,6,504.1
1992-03,0.44,92,46,15,21,5,5,0,6.9,197.4
1992-04,0.31,91,60,13,15,3,0,0,5.3,183
1992-05,0.33,92,55,11,21,5,0,0,5.7,474.8
1992-06,0.27,94,50,14,23,7,0,0,5.9,389.3
1992-07,0.11,77,45,11,17,4,0,0,5.7,188.8
1992-08,0.11,79,42,8,25,4,0,0,5.4,169.6
1992-09,0.05,69,32,8,22,5,2,0,6.6,182.7
1992-10,0.05,84,38,19,20,6,1,0,6,166.1
1992-11,0.04,80,36,11,26,6,1,0,6.2,446
1992-12,0.25,60,38,9,10,2,1,0,6.1,158.9
1993-01,0.36,57,37,12,6,2,0,0,5.6,523
1993-02,0.38,83,34,16,28,5,0,0,5.3,427.8
1993-03,0.41,91,56,13,18,4,0,0,5.7,169.1
1993-04,0.31,87,56,16,10,5,0,0,5.5,171.1
1993-05,0.35,106,49,21,24,9,3,0,6.9,162.8
1993-06,0.34,113,71,8,27,5,1,1,7.5,171.3
1993-07,0.27,103,60,17,19,7,0,0,5.4,266.4
1993-08,0.22,87,59,12,11,5,0,0,5.6,164.5
1993-09,0.18,73,35,21,14,3,0,0,5.1,416.2
1993-10,0.22,80,51,10,15,4,0,0,5.8,173.3
1993-11,0.07,74,23,13,27,8,2,1,7,218.3
1993-12,0.27,68,32,10,19,6,1,0,6.1,211.4
1994-01,0.27,77,47,18,9,3,0,0,5.7,387.4
1994-02,0.08,65,34,12,15,4,0,0,5.9,508.8
1994-03,0.38,75,36,18,15,6,0,0,5.5,189.3
1994-04,0.36,88,61,13,10,3,1,0,6.2,359
1994-05,0.41,77,45,12,16,4,0,0,5.8,175.8
1994-06,0.4,83,48,15,18,2,0,0,5.2,210.7
1994-07,0.31,90,55,15,16,4,0,0,5.8,493
1994-08,0.3,113,54,14,37,8,0,0,5.9,193.7
1994-09,0.33,84,42,16,14,12,0,0,5.8,400
1994-10,0.42,95,63,11,17,4,0,0,5.7,491.4
1994-11,0.46,84,49,20,12,3,0,0,5.2,400
1994-12,0.42,64,33,23,4,4,0,0,5.3,219
1995-01,0.56,101,55,18,22,5,1,0,6.3,201.2
1995-02,0.74,71,38,14,17,2,0,0,5.6,500
1995-03,0.5,99,56,17,22,3,1,0,6.2,182.3
1995-04,0.45,117,53,17,43,2,2,0,6.5,533.2
1995-05,0.37,131,72,15,41,2,0,1,7.1,179.7
1995-06,0.46,108,61,10,33,4,0,0,5.3,190.4
1995-07,0.42,99,51,12,34,1,1,0,6,460.7
1995-08,0.5,102,53,20,27,2,0,0,5.6,528.6
1995-09,0.4,95,56,13,20,6,0,0,5.5,196.4
1995-10,0.44,88,39,22,23,4,0,0,5.9,175.4
1995-11,0.45,97,44,18,30,5,0,0,5.5,149.6
1995-12,0.33,84,35,24,23,2,0,0,5.8,233
1996-01,0.25,229,35,105,77,11,1,0,6.6,215.1
1996-02,0.46,68,26,21,18,3,0,0,5.6,153.7
1996-03,0.35,170,37,57,60,14,2,0,6.8,554.1
1996-04,0.26,82,31,28,17,6,0,0,5.5,500
1996-05,0.39,93,35,34,23,1,0,0,5.3,500
1996-06,0.35,360,39,86,189,40,4,2,7.9,383.4
1996-07,0.33,147,36,33,67,10,1,0,6.5,521.7
1996-08,0.35,146,59,28,48,10,1,0,6,580.2
1996-09,0.25,81,40,14,20,7,0,0,5.5,400
1996-10,0.21,91,41,11,27,11,1,0,6.1,627.1
1996-11,0.3,71,34,10,23,4,0,0,5.2,166.6
1996-12,0.38,120,37,45,37,1,0,0,5.4,600
1997-01,0.34,72,36,18,13,5,0,0,5.7,410.7
1997-02,0.44,78,40,23,11,4,0,0,5.9,450
1997-03,0.5,144,71,31,28,13,1,0,6.7,489.4
1997-04,0.42,128,71,23,31,3,0,0,5.7,500
1997-05,0.42,154,93,31,26,3,1,0,6,500
1997-06,0.53,129,78,26,20,4,1,0,6.4,163.6
1997-07,0.5,111,54,31,22,3,1,0,6.1,168.8
1997-08,0.55,119,65,33,20,1,0,0,5.1,200
1997-09,0.61,119,65,23,29,2,0,0,5.2,189.6
1997-10,0.64,98,54,13,29,1,1,0,6.4,250
1997-11,0.58,108,59,17,26,6,0,0,5.4,250
1997-12,0.63,610,81,57,402,66,3,1,7.8,613.8
1998-01,0.6,154,57,30,55,12,0,0,5.9,200
1998-02,0.87,120,61,29,26,4,0,0,5.5,678.9
1998-03,0.68,135,69,37,28,1,0,0,5.3,500
1998-04,0.76,126,59,34,32,1,0,0,5.8,178.5
1998-05,0.7,265,134,69,54,7,1,0,6,172.4
1998-06,0.73,120,62,22,35,0,1,0,6.4,434.8
1998-07,0.74,131,74,27,27,2,1,0,6.1,400
1998-08,0.71,161,71,27,51,11,1,0,6.3,500
1998-09,0.52,122,69,21,30,1,1,0,6.1,154.3
1998-10,0.48,116,64,22,26,4,0,0,5.5,208.1
1998-11,0.42,114,50,28,31,5,0,0,5.7,196.3
1998-12,0.6,89,53,20,13,3,0,0,5.8,167.3
1999-01,0.51,109,57,23,24,4,1,0,6.6,169.9
1999-02,0.7,94,41,28,20,5,0,0,5.3,200
1999-03,0.4,144,66,38,34,4,2,0,6.9,500
1999-04,0.47,102,50,29,20,3,0,0,5.3,269.8
1999-05,0.4,144,78,30,33,2,1,0,6.2,471
1999-06,0.42,125,70,32,22,1,0,0,5.8,205.9
1999-07,0.4,105,64,19,20,2,0,0,5.5,229.9
1999-08,0.36,145,90,25,23,7,0,0,5.9,266.9
1999-09,0.39,119,57,17,39,4,2,0,6.1,229.5
1999-10,0.35,100,59,13,24,3,1,0,6.4,493.3
1999-11,0.35,112,44,14,43,10,1,0,6,394.2
1999-12,0.53,331,229,58,37,5,1,1,7,498.8
2000-01,0.34,100,56,25,14,5,0,0,5.8,220.8
2000-02,0.56,127,70,31,24,2,0,0,5.6,330.4
2000-03,0.55,118,75,20,20,3,0,0,5.4,198.3
2000-04,0.64,96,47,25,20,3,1,0,6,148.2
2000-05,0.43,111,52,36,19,4,0,0,5.8,590.6
2000-06,0.39,87,49,8,26,4,0,0,5.5,205.6
2000-07,0.39,171,97,43,26,4,1,0,6.5,167.8
2000-08,0.46,113,60,25,22,6,0,0,5.2,218
2000-09,0.42,111,71,19,17,4,0,0,5.3,205.3
2000-10,0.32,91,49,23,18,1,0,0,5.1,163
2000-11,0.27,114,76,18,17,3,0,0,5.8,168.2
2000-12,0.33,152,104,26,15,7,0,0,5.9,180
2001-01,0.47,109,64,19,19,6,1,0,6.9,491.4
2001-02,0.41,130,79,24,23,3,1,0,6,516.9
2001-03,0.64,164,115,29,19,1,0,0,5,477.3
2001-04,0.59,189,118,34,35,2,0,0,5.9,479.7
2001-05,0.62,176,123,25,25,3,0,0,5.5,454.3
2001-06,0.55,186,127,34,21,4,0,0,5.5,442.5
2001-07,0.6,164,115,28,19,1,1,0,6.6,600
2001-08,0.61,161,104,36,18,2,1,0,6.3,223.9
2001-09,0.54,174,121,26,21,6,0,0,5.6,176.9
2001-10,0.52,220,126,23,57,12,2,0,6.5,387.9
2001-11,0.71,158,104,28,23,2,1,0,6,511
2001-12,0.57,189,139,28,21,1,0,0,5.6,460.6
2002-01,0.71,169,125,19,20,5,0,0,5.7,233.6
2002-02,0.79,160,110,20,28,2,0,0,5.1,157.2
2002-03,0.82,275,183,43,45,4,0,0,5.9,452.3
2002-04,0.58,222,162,34,23,3,0,0,5.8,234.5
2002-05,0.59,278,183,39,51,4,1,0,6.4,498.1
2002-06,0.6,268,184,56,28,0,0,0,4.7,475.3
2002-07,0.63,292,226,44,22,0,0,0,4.6,464.4
2002-08,0.56,275,198,44,30,3,0,0,5.1,500
2002-09,0.59,202,158,26,17,1,0,0,5.2,175.9
2002-10,0.49,210,156,31,17,5,1,0,6.2,181.5
2002-11,0.6,175,104,31,37,2,1,0,6.1,159.3
2002-12,0.49,219,147,40,28,4,0,0,5.6,225.7
2003-01,0.72,375,277,62,31,5,0,0,5.5,478.8
2003-02,0.59,406,303,69,30,3,1,0,6.6,313.1
2003-03,0.61,501,318,88,79,13,2,1,7.1,240.2
2003-04,0.58,290,209,52,27,2,0,0,5.6,232.9
2003-05,0.62,301,228,39,34,0,0,0,4.9,230.2
2003-06,0.55,310,215,58,31,3,3,0,6.9,445.9
2003-07,0.6,312,238,48,24,2,0,0,5.5,229.5
2003-08,0.66,260,193,44,21,2,0,0,5.6,542.3
2003-09,0.65,249,187,43,19,0,0,0,4.9,409
2003-10,0.74,265,189,41,33,2,0,0,5.6,502.7
2003-11,0.57,593,337,164,84,8,0,0,5.7,251.5
2003-12,0.76,411,274,68,63,4,2,0,6.7,217.2
2004-01,0.61,411,321,56,30,4,0,0,5.5,483
2004-02,0.74,397,334,46,15,2,0,0,5.5,444
2004-03,0.7,386,315,45,25,1,0,0,5.6,516.4
2004-04,0.6,411,327,60,23,0,1,0,6.2,525.6
2004-05,0.45,331,264,42,24,1,0,0,5.3,520.6
2004-06,0.48,373,266,63,42,1,1,0,6.9,447.6
2004-07,0.47,325,251,50,24,0,0,0,4.9,248.5
2004-08,0.52,337,247,53,32,4,1,0,6,507.3
2004-09,0.55,297,222,51,22,1,1,0,6.2,238.1
2004-10,0.6,248,180,42,25,1,0,0,5,469.4
2004-11,0.75,241,176,46,18,1,0,0,5.4,279.5
2004-12,0.51,253,193,45,12,3,0,0,5.8,333.7
2005-01,0.65,371,268,69,29,5,0,0,5.4,469.9
2005-02,0.55,247,192,37,17,1,0,0,5,492.4
2005-03,0.74,322,245,54,22,1,0,0,5,456.1
2005-04,0.72,296,226,47,20,3,0,0,5.9,499.3
2005-05,0.66,321,213,62,43,3,0,0,5.4,490.7
2005-06,0.67,354,266,67,17,3,1,0,6.8,251.5
2005-07,0.66,337,252,54,26,5,0,0,5.8,498.1
2005-08,0.63,330,244,60,24,2,0,0,5.8,296
2005-09,0.68,299,233,45,18,3,0,0,5.2,319.8
2005-10,0.68,328,247,62,16,3,0,0,5.6,234.8
2005-11,0.72,406,320,61,22,2,1,0,6.2,471.2
2005-12,0.63,340,259,55,21,5,0,0,5.4,236.1
2006-01,0.5,359,267,69,20,3,0,0,5.5,474
2006-02,0.7,298,226,49,22,1,0,0,5.7,222
2006-03,0.64,325,246,47,30,2,0,0,5.3,223.5
2006-04,0.52,533,267,51,189,20,5,1,7.6,243.4
2006-05,0.55,530,363,74,82,8,3,0,6.6,423.7
2006-06,0.66,1681,1370,245,59,4,3,0,6.5,284
2006-07,0.62,548,434,65,42,6,1,0,6.6,255.7
2006-08,0.65,435,336,69,24,6,0,0,5.7,223.5
2006-09,0.64,389,273,71,40,5,0,0,5.9,496.6
2006-10,0.68,321,251,48,19,3,0,0,5.2,425.4
2006-11,0.64,395,303,65,23,4,0,0,5.5,291.1
2006-12,0.8,316,235,56,21,4,0,0,5.3,476.6
2007-01,0.92,381,295,58,22,6,0,0,5.8,494.8
2007-02,0.68,314,250,38,22,4,0,0,5.3,494.3
2007-03,0.66,337,256,46,34,1,0,0,5.8,466.5
2007-04,0.72,390,310,53,24,2,1,0,6.2,247.1
2007-05,0.6,378,298,52,23,4,1,0,6.4,496.3
2007-06,0.55,359,284,50,23,2,0,0,5.2,235.4
2007-07,0.56,574,448,85,34,5,2,0,6.1,389.9
2007-08,0.56,421,329,61,26,4,1,0,6.7,460.9
2007-09,0.58,329,261,44,18,6,0,0,5.4,227.3
2007-10,0.56,793,592,155,35,9,2,0,6.3,514.1
2007-11,0.52,407,321,61,23,2,0,0,5.2,454.2
2007-12,0.47,589,430,102,42,12,2,1,7.2,502.3
2008-01,0.27,352,268,53,28,3,0,0,5.1,493.5
2008-02,0.36,405,313,64,26,2,0,0,5.2,237.7
2008-03,0.74,687,557,82,33,14,1,0,6.2,210.6
2008-04,0.49,874,689,136,43,4,2,0,6.6,463.5
2008-05,0.51,769,615,112,38,2,2,0,6.6,461.3
2008-06,0.53,491,385,64,37,4,1,0,6.1,260.7
2008-07,0.59,441,357,57,19,7,0,1,7.7,632.8
2008-08,0.56,1350,1147,154,42,7,0,0,5.8,220.3
2008-09,0.55,420,341,56,19,4,0,0,5.9,266
2008-10,0.67,506,402,72,26,6,0,0,5.4,260.7
2008-11,0.66,589,450,95,36,6,1,1,7.3,492.3
2008-12,0.54,343,264,51,26,2,0,0,5.2,553.7
2009-01,0.6,407,319,55,27,6,0,0,5.9,254.2
2009-02,0.55,318,252,43,23,0,0,0,4.9,264.2
2009-03,0.57,374,293,58,17,6,0,0,5.9,223.2
2009-04,0.62,381,311,50,15,5,0,0,5.3,239.6
2009-05,0.59,455,354,68,29,4,0,0,5.6,451.5
2009-06,0.67,394,316,50,22,6,0,0,5.7,280.1
2009-07,0.66,363,291,48,22,2,0,0,5.1,225.6
2009-08,0.72,390,327,46,17,0,0,0,4.9,244.4
2009-09,0.72,334,268,52,10,4,0,0,5.2,223.9
2009-10,0.64,734,564,131,30,7,2,0,6.5,484.3
2009-11,0.7,363,278,66,12,7,0,0,5.3,211.5
2009-12,0.65,436,342,64,18,11,1,0,6.3,656.2
2010-01,0.73,446,359,65,17,5,0,0,5.5,164.3
2010-02,0.79,423,326,66,30,1,0,0,5.1,239.1
2010-03,0.87,410,321,53,30,6,0,0,5.8,229.7
2010-04,0.85,380,294,63,18,3,2,0,6.5,217.4
2010-05,0.77,460,350,71,34,5,0,0,5.5,227.8
2010-06,0.74,421,336,63,20,2,0,0,5.1,418.8
2010-07,0.73,3367,2590,659,103,12,3,0,6.7,261.7
2010-08,0.69,1530,1289,178,53,9,1,0,6.4,208
2010-09,0.62,713,594,89,23,6,1,0,6.5,461.9
2010-10,0.63,789,642,101,38,6,2,0,6.4,243.4
2010-11,0.75,566,465,66,26,9,0,0,5.5,251.5
2010-12,0.46,534,413,81,27,12,1,0,6.4,224.2
2011-01,0.46,439,355,58,23,3,0,0,5.3,208.8
2011-02,0.45,463,369,66,25,2,1,0,6.1,507.5
2011-03,0.6,442,351,51,37,3,0,0,5.3,195.4
2011-04,0.62,360,295,42,21,2,0,0,5.4,269
2011-05,0.55,445,359,63,15,8,0,0,5.8,230.3
2011-06,0.64,516,326,149,33,7,0,1,7.3,229.7
2011-07,0.65,536,388,117,22,8,1,0,6.1,494
2011-08,0.65,485,390,76,17,2,0,0,5.6,237.3
2011-09,0.59,621,408,161,44,6,2,0,6.9,219.9
2011-10,0.61,394,297,65,27,5,0,0,5.8,259.2
2011-11,0.49,431,325,78,22,6,0,0,5.7,222.4
2011-12,0.55,333,262,57,13,1,0,0,5.3,239.8
2012-01,0.44,427,338,64,24,1,0,0,5.1,258.9
2012-02,0.45,395,306,61,26,2,0,0,5.1,503.7
2012-03,0.51,395,285,72,34,4,0,0,5.5,238.5
2012-04,0.73,422,331,74,16,1,0,0,5.5,230.1
2012-05,0.74,373,297,45,26,5,0,0,5.6,228.8
2012-06,0.72,365,286,48,25,4,2,0,6,246.4
2012-07,0.69,384,314,48,19,3,0,0,5.5,219.7
2012-08,0.7,429,335,68,24,1,1,0,6.2,497.6
2012-09,0.74,693,561,108,20,3,1,0,6.4,294.9
2012-10,0.7,562,465,76,19,2,0,0,5.6,255.6
2012-11,0.71,448,379,49,16,4,0,0,5.5,524.5
2012-12,0.47,465,378,56,27,3,1,0,6,236.7
2013-01,0.62,495,424,48,19,4,0,0,5.5,239.6
2013-02,0.66,386,301,36,43,5,1,0,6.6,228.4
2013-03,0.67,362,284,48,27,3,0,0,5.8,231.4
2013-04,0.59,370,288,59,21,2,0,0,5.6,255.1
2013-05,0.68,577,330,42,167,34,4,0,6.7,639
2013-06,0.69,299,250,26,23,0,0,0,4.8,640.1
2013-07,0.66,326,259,32,31,4,0,0,5.8,234.1
2013-08,0.68,519,378,79,49,11,1,1,7,250.1
2013-09,0.68,634,438,86,91,16,3,0,6.5,434.98
2013-10,0.66,385,291,42,46,5,1,0,6.7,601.74
2013-11,0.81,467,355,65,40,6,1,0,6.4,231.2
2013-12,0.67,370,289,56,22,3,0,0,5.4,461.91
2014-01,0.69,443,363,56,22,2,0,0,5.2,537.19
2014-02,0.49,475,384,59,29,2,1,0,6.1,266.61
2014-03,0.77,470,366,65,36,3,0,0,5.4,422.76
2014-04,0.8,548,420,87,35,6,0,0,5.7,508.72
2014-05,0.8,505,381,78,42,4,0,0,5.8,234.9
2014-06,0.77,1407,1087,187,116,12,4,1,7.9,527.49
2014-07,0.71,795,627,97,65,6,0,0,5.8,424.37
2014-08,0.82,697,567,77,50,3,0,0,5.5,235.7
2014-09,0.79,478,381,66,30,1,0,0,5.3,281.1
2014-10,0.76,472,376,58,35,3,0,0,5.7,548.56
2014-11,0.64,385,306,48,29,2,0,0,5,504.8
2014-12,0.82,469,369,58,41,1,0,0,5.1,258
2015-01,0.83,529,366,101,57,5,0,0,5.6,229.12
2015-02,0.87,543,369,113,55,6,0,0,5.5,529.33
2015-03,0.92,504,403,61,36,4,0,0,5.3,468.89
2015-04,0.81,450,367,58,23,2,0,0,5.3,436.29
2015-05,0.89,513,421,65,25,1,1,0,6.8,257.8
2015-06,0.91,490,397,61,27,5,0,0,5.2,420.54
2015-07,0.85,911,694,127,69,19,2,0,6.9,247.8
2015-08,0.91,716,578,93,40,5,0,0,5.7,507.93
2015-09,0.94,700,525,111,56,7,1,0,6,502.96
2015-10,1.03,500,411,61,23,5,0,0,5.7,285
2015-11,1.01,507,352,89,54,11,1,0,6.5,510.12
2015-12,1.15,401,319,60,20,2,0,0,5.2,510.09
2016-01,1.12,834,671,116,44,1,0,2,7.2,240.04
2016-02,1.26,524,410,80,33,1,0,0,5.3,259.6
2016-03,1.31,657,461,113,70,10,3,0,6.4,230.4
2016-04,1.12,746,557,149,36,3,1,0,6.2,470.22
2016-05,0.94,500,382,77,38,3,0,0,5.7,452.46
2016-06,0.93,502,388,79,30,5,0,0,5.3,272.28
2016-07,0.92,617,488,93,31,5,0,0,5.5,481.44
2016-08,0.98,454,366,60,24,4,0,0,5.6,393.21
2016-09,0.94,454,344,74,33,2,1,0,6.1,238.1
2016-10,0.79,468,323,117,24,4,0,0,5.9,249.2
2016-11,0.78,442,328,69,33,12,0,0,5.6,235
2016-12,0.83,458,348,81,24,5,0,0,5.9,475.73
2017-01,0.98,502,402,69,30,1,0,0,5.2,218.08
2017-02,1.02,388,300,69,18,1,0,0,5,277.71
2017-03,1.09,476,357,70,38,9,2,0,6.6,221.57
2017-04,0.92,544,444,60,33,7,0,0,5.7,239.5
2017-05,0.87,2147,1594,449,91,12,1,0,6.2,203.4
2017-06,0.84,627,478,99,45,4,1,0,6.8,558.04
2017-07,0.9,661,398,93,154,14,1,1,7.7,487.99
2017-08,0.92,576,448,71,50,7,0,0,5.6,524.58
2017-09,0.86,502,371,80,47,4,0,0,5.3,526.16
2017-10,0.81,465,367,58,39,0,1,0,6.5,290.32
2017-11,0.8,455,368,53,34,0,0,0,4.8,269.58
2017-12,0.88,543,421,84,37,1,0,0,5.5,239.23
2018-01,0.75,579,454,73,46,5,1,0,6.2,486.07
2018-02,0.76,387,290,70,24,3,0,0,5.7,403.4
2018-03,0.89,489,370,89,28,2,0,0,5.2,222.05
2018-04,0.84,468,368,73,27,0,0,0,4.9,224.61
2018-05,0.82,440,330,74,31,5,0,0,5.5,479.91
2018-06,0.78,473,382,69,22,0,0,0,4.8,209.6
2018-07,0.82,525,373,112,33,6,1,0,6.1,243.5
2018-08,0.8,600,482,90,22,4,2,0,6.5,246
2018-09,0.83,486,390,60,34,2,0,0,5.1,272.3
2018-10,0.92,502,395,67,35,4,1,0,6.7,461
2018-11,0.78,423,322,65,31,4,1,0,6.1,242.71
2018-12,0.88,585,376,63,132,11,2,1,7.3,236.71
2019-01,0.94,505,372,81,45,7,0,0,5.9,246.76
2019-02,0.85,461,325,76,57,3,0,0,5.1,259.74
2019-03,1.1,679,521,102,51,5,0,0,5.2,231.93
2019-04,0.97,620,454,97,64,4,1,0,6.4,509.24
2019-05,0.87,512,400,84,26,1,1,0,6,249.54
2019-06,0.95,451,338,64,45,2,2,0,6.4,229.27
2019-07,0.92,478,366,62,43,7,0,0,5.5,237.13
2019-08,0.92,433,335,68,27,3,0,0,5.4,488.18
2019-09,0.94,425,322,75,25,3,0,0,5.4,498.34
2019-10,0.95,548,433,80,29,6,0,0,5.8,227.41
2019-11,0.92,513,391,83,35,2,2,0,6.3,496
2019-12,1.05,485,351,80,51,3,0,0,5.2,511.74
2020-01,1.14,857,659,122,67,6,2,0,6.4,466.31
2020-02,1.16,421,324,77,17,3,0,0,5.8,460.27
2020-03,1.18,379,295,64,17,3,0,0,5,247.72
2020-04,1.05,378,267,85,23,3,0,0,5.5,235.2
2020-05,0.94,397,280,94,22,1,0,0,5,271.68
2020-06,0.92,369,256,81,31,1,0,0,5,250.42
2020-07,0.92,943,657,205,65,13,2,1,7.8,488.66
2020-08,0.94,752,536,168,38,10,0,0,5.8,241.9
2020-09,0.94,478,333,95,46,3,1,0,6.4,344
2020-10,0.83,1589,886,546,140,16,0,1,7.6,523.65
2020-11,0.95,1336,1048,235,51,2,0,0,5.5,247.4
2020-12,0.78,1083,867,171,40,4,1,0,6.4,232.23
2021-01,0.78,875,703,132,35,4,1,0,6.1,231.94
2021-02,0.64,676,551,102,22,1,0,0,5.3,228.59
2021-03,0.85,636,441,119,67,8,1,0,6.6,541.12
2021-04,0.8,535,429,87,16,3,0,0,5.3,232.85
2021-05,0.81,247,160,57,27,3,0,0,5.4,430.95
2021-06,0.89,201,127,50,22,2,0,0,5.4,234.33
2021-07,0.92,1006,682,229,80,15,0,0,5.9,445.88
2021-08,0.89,961,713,209,36,2,1,0,6.9,465.26
2021-09,0.89,519,382,109,25,3,0,0,5.6,501.06
2021-10,0.88,648,469,137,36,5,1,0,6.9,253.31
2021-11,0.9,500,388,89,21,2,0,0,5.2,476.67
2021-12,0.84,563,385,122,50,5,0,0,5.9,539.76
